Data,F1,F2,F3,F4 ,F5,F6,F7,F8
1/1964,-0.282786639,0.0321711,-0.03176825,0.110924787,0.040481791,0.185562348,-0.072204096,0.198119505
2/1964,-0.346779341,0.070207974,-0.146624517,0.171625022,0.067034579,-0.133378154,-0.063540085,0.161912201
3/1964,-0.131279327,-0.120173044,0.001546885,0.031762602,0.050657367,-0.235118583,-0.030441045,0.036475889
4/1964,-0.449836728,0.198444068,0.051217387,0.007429866,-0.097511728,0.293400163,0.131163414,-0.132522962
5/1964,-0.305373128,0.052405392,-0.01865427,0.084271177,-0.026342696,0.015674922,-0.054430477,0.254635693
6/1964,-0.143333629,-0.084712496,0.039635122,-1.64E-05,-0.011987223,-0.110979944,0.094437768,-0.089585035
7/1964,-0.4559176,0.117359407,0.045147764,0.119206596,-0.059306914,0.015794712,-0.121554402,0.06766302
8/1964,-0.321621814,-0.012136632,-0.105716866,0.020579062,-0.077460304,-0.225616343,0.082498374,0.083826664
9/1964,-0.368672769,-0.099410717,0.024478368,0.019202865,-0.123100975,-0.248752279,-0.047133237,0.073922375
10/1964,0.380625371,-0.227488458,-0.226475804,0.021802687,0.250725917,-0.574202059,-0.250705277,0.278583201
11/1964,-0.975721468,0.240114435,0.16945673,-0.045237217,-0.403861391,0.368994897,0.349186619,-0.305960768
12/1964,-0.649602009,0.093624002,0.039108155,-0.049178952,-0.171618074,0.198524808,0.073173342,0.149630412
1/1965,-0.438037976,0.033231452,-0.011642009,-0.003986073,-0.19967611,-0.033025372,-0.06411712,0.124732291
2/1965,-0.267458058,-0.021580332,-0.136176051,-0.005982938,-0.087101464,-0.041484516,-0.041729644,0.009040385
3/1965,-0.583596469,0.028370047,0.023013102,-0.024761891,-0.244438355,-0.113966313,0.027003446,0.117262629
4/1965,-0.33696093,-0.147504904,-0.030490996,0.003325254,-0.156871881,-0.157403847,-0.121540637,0.346199869
5/1965,-0.433430099,-0.047629212,-0.030174615,0.012267446,-0.193169332,-0.102649102,-0.033108101,-0.109128168
6/1965,-0.267948928,-0.134388656,-0.060976519,-0.081652177,-0.180760088,-0.098406592,0.30570585,0.114633846
7/1965,-0.515996904,0.146079596,-0.313546018,0.039535784,-0.19126447,-0.018839049,-0.152677886,0.208670871
8/1965,-0.180784891,-0.121820961,-0.064990478,0.01525695,-0.099283279,-0.138557412,-0.041677944,-0.044552193
9/1965,-0.399347108,-0.030641278,0.114942093,0.069234022,-0.115076162,0.034076809,-0.098881019,0.152061137
10/1965,-0.482297186,0.031201748,0.030569515,0.034313862,-0.085058144,0.023561089,-0.129862724,0.159385311
11/1965,-0.406930852,-0.008876294,-0.020389836,0.015041568,-0.113249046,-0.073733682,-0.095268851,0.137888647
12/1965,-0.62810523,-0.067948535,0.074641985,-0.089901448,-0.083883375,-0.024053949,0.080256666,0.082540312
1/1966,-0.490569548,0.097795716,-0.157058956,-0.067802933,-0.137838097,-0.101796255,-0.097561658,-0.001437273
2/1966,-0.474851267,-0.176727626,0.20170804,-0.15799113,-0.237339649,-0.230817038,0.000857004,-0.051466324
3/1966,-0.694859002,0.101044742,-0.254913498,-0.104393139,-0.251651263,-0.040329144,0.074222575,0.205922025
4/1966,-0.321948303,-0.111497978,0.084089945,-0.033877825,-0.179899843,-0.218665897,-0.026080139,-0.027150656
5/1966,-0.25089095,-0.084204677,-0.409850711,-0.257945351,-0.313344017,-0.206770711,0.182255315,0.221770139
6/1966,-0.468806625,-0.113215301,-0.092412584,-0.09410801,-0.375950207,-0.150678126,-0.074094353,0.228091702
7/1966,-0.236042219,-0.245727323,-0.020586409,-0.261130291,-0.270876236,-0.157143565,-0.056528482,0.12144122
8/1966,-0.170680592,-0.207427739,-0.044093925,-0.376708887,-0.250286019,-0.120175996,0.118726753,0.111955415
9/1966,-0.151991996,0.093296044,-0.169825678,-0.331075942,-0.230155792,0.015679499,0.098823584,-0.062706771
10/1966,-0.136818892,0.066123738,-0.037587879,-0.279930966,-0.438527753,0.054303848,0.049993487,0.179236023
11/1966,0.171549324,-0.105127094,-0.153540525,-0.096291707,-0.264202759,-0.276360922,-0.366767926,0.23768178
12/1966,0.169687294,-0.027725912,-0.132465713,-0.042780558,-0.349333038,-0.05775812,0.05427788,0.339961731
1/1967,0.087378678,0.04741733,-0.044974676,0.091044755,-0.290528111,0.039882588,-0.035257428,0.12809627
2/1967,0.471829034,-0.205225243,-0.018240945,0.025132382,-0.082375328,-0.19887392,-0.156638112,0.056547261
3/1967,0.306565701,0.012693825,-0.116953195,0.093361588,-0.109698969,-0.046782675,-0.095182628,0.386184678
4/1967,0.176151027,0.089456787,0.133634756,0.007061359,-0.017392631,0.343652282,0.095986391,0.127116247
5/1967,0.266586077,-0.085488011,-0.048605792,0.071069464,0.105712147,-0.202625774,-0.133482464,0.23464898
6/1967,0.025619803,-0.116008527,0.127676602,-0.066972202,0.14717043,0.094278866,0.015741926,0.326481968
7/1967,0.035583339,0.084430341,-0.056712507,-0.120807997,0.285031191,-0.196139463,-0.112716042,0.046202497
8/1967,-0.448828919,0.2257678,0.193067984,-0.001469736,0.024546911,0.255709216,0.093321801,0.126265692
9/1967,0.022293575,0.067189738,-0.020688657,0.030188746,0.227412799,-0.134269006,-0.07741871,0.240109997
10/1967,-0.095908354,0.14429998,0.013781596,-0.09714649,0.186071816,0.023374548,0.206343862,0.012617388
11/1967,-0.711987203,0.187340197,0.129907801,-0.118181188,0.01850389,0.177680094,0.19068585,0.302106158
12/1967,-0.456484366,0.236011043,0.050659582,-0.065027958,0.086776491,0.20825806,-0.055823856,0.289985299
1/1968,0.274233896,-0.000122656,0.047746126,-0.042168371,0.027593197,-0.218184,0.095882803,-0.462565059
2/1968,-0.384745472,-0.021707432,-0.129320486,0.086039365,-0.0392255,-0.198559606,0.085832509,0.639728501
3/1968,-0.248734181,0.032991596,-0.03203529,-0.04130778,0.066816713,0.015437593,-0.01888283,-0.052574092
4/1968,-0.285490428,-0.122116522,-0.072274064,0.039892891,-0.028820217,-0.229628338,-0.349348928,0.14277913
5/1968,-0.357203995,0.006467079,-0.048360956,-0.120900063,-0.00147599,0.164552305,-0.063181901,-0.01159849
6/1968,-0.111931832,-0.226175875,0.085210154,0.10527911,-0.115591185,0.103218883,-0.022710762,0.324176764
7/1968,-0.063319241,-0.112065374,-0.162250862,0.143423006,-0.077621033,-3.64E-03,-0.09677337,0.055134153
8/1968,-0.167800531,-0.185721586,-0.167331176,0.156896285,-0.202112605,-0.03858708,0.070032909,0.212273582
9/1968,-0.203963198,-0.03665939,-0.065187551,0.132485672,-0.013050649,0.0647138,-0.098990269,-0.080536564
10/1968,-0.307153556,-0.148020842,0.061075417,0.075855573,0.049128098,0.106582179,-0.125162627,0.127274886
11/1968,-0.466674285,-0.042840281,-0.07021714,-0.010363749,-0.084184629,0.132485308,0.00108032,0.078706446
12/1968,-0.202291655,-0.099394462,-0.224933237,-0.148378361,0.136905744,-0.139365126,-0.10246793,0.070642381
1/1969,-0.310869877,-0.201681894,-0.017172159,-0.071146094,0.058590674,0.011622278,0.134110476,0.013868072
2/1969,-0.371471426,-0.160277937,-0.141736741,0.012855348,-0.022560211,0.088012788,0.008708347,0.197449473
3/1969,-0.302109998,-0.32460156,0.105654307,-0.061430345,-0.106308328,0.042011574,0.197878343,-0.023786247
4/1969,-0.05648308,-0.271475383,-0.381358118,0.035862656,-0.037032136,-0.004518567,-0.274264346,0.003924169
5/1969,-0.126758718,-0.49270324,-0.350957144,-0.005938112,-0.158112831,0.006469494,-0.38991647,0.047497856
6/1969,-0.358262742,-0.604981102,-0.207563526,-0.25291619,-0.174643886,0.200798545,0.190774824,0.168136547
7/1969,-0.175647859,-0.249353017,-0.317245094,-0.294700712,-0.079612651,0.336218403,0.168354761,-0.032519446
8/1969,-0.201644292,-0.417807074,-0.246951535,0.008475839,-0.307154817,0.128955486,-0.162940949,0.056686927
9/1969,0.09324128,-0.454902609,-0.168772439,-0.158724614,-0.017828975,0.223458499,-0.111437985,-0.25072082
10/1969,-0.076830891,-0.397251036,-0.201210457,-0.016931681,-0.18384584,0.064916283,-0.139585946,0.297645482
11/1969,0.297521476,-0.443992593,-0.154435161,-0.099563975,-0.022805641,-0.107288207,-0.1726502,-0.048530261
12/1969,0.007453346,-0.405540456,-0.270575175,-0.350672608,0.02669354,-0.017205997,0.077917522,0.112077449
1/1970,0.677329955,-0.486549638,-0.295997579,-0.147873636,0.023763557,-0.160283447,-0.133796009,0.23645975
2/1970,0.241890217,-0.329030979,-0.27412107,0.031474375,-0.208291061,0.353101903,0.115974574,0.152925272
3/1970,0.382335018,-0.182118179,-0.225697275,0.260358045,-0.187142414,0.09675584,0.138819615,0.12104655
4/1970,0.458112986,-0.445353905,-0.088421508,-0.128119355,0.073963501,0.258487579,0.200645647,0.111306675
5/1970,0.309451891,-0.13172758,-0.345579732,-0.400587373,0.268969922,0.241200493,0.399098791,-0.023626025
6/1970,0.280543255,-0.199126924,0.000184942,0.002633815,0.107799964,0.095444539,0.077540424,-0.102509589
7/1970,0.076948406,-0.042687151,-0.087474213,0.168794827,0.017712876,0.104438733,0.093715309,0.126770426
8/1970,0.446411743,0.046383938,-0.103381913,0.160036446,0.229949913,-0.053160843,-0.047322276,-0.087347072
9/1970,0.488390434,-0.225296911,0.200595243,0.271744651,0.251434983,0.020695167,-0.041288187,0.197408278
10/1970,0.990605539,-0.31059081,-0.154134161,0.24317876,0.570943805,-0.223180043,-0.155361596,0.347544802
11/1970,0.67586048,-0.091995084,-0.15467187,0.337768195,0.182024101,0.085218086,0.262612544,-0.109163347
12/1970,-0.529812485,0.397523837,0.232268695,0.548994403,-0.08970888,0.858930277,0.214773734,-0.075936316
1/1971,-0.040677292,0.296509398,0.0022505,0.477374215,0.169789413,0.227534846,-0.038048465,0.074826555
2/1971,0.147356297,0.141960251,0.099052355,0.45976029,0.095684085,-0.060180343,-0.041340288,-0.023485504
3/1971,0.129837259,-0.014973559,-0.022517751,0.321170182,0.21905932,-0.031015417,0.065752332,0.062980178
4/1971,-0.306069074,-0.037656959,0.060560721,0.052334742,0.37569644,0.083693495,-0.081057346,0.049726441
5/1971,-0.344549781,-0.142579055,0.030039571,-0.063602935,0.355355495,-0.041909162,0.117735209,-0.077555353
6/1971,-0.169074169,-0.017904773,3.93E-03,-0.021913252,0.436107634,0.183111151,0.086346478,-0.093235949
7/1971,-0.104715249,-0.033464916,-0.224283878,0.028279906,0.495995374,-0.100636754,0.136747965,0.149896032
8/1971,0.020338787,-0.289333228,-0.087717981,0.303688667,0.172244112,-0.170922689,0.06080528,-0.026861397
9/1971,-0.438359051,0.129326499,-0.154192734,0.441991388,-0.019791393,0.25005215,0.084309366,0.016968248
10/1971,-0.213519158,-0.035180504,0.054498262,0.310021354,0.137043403,0.218284416,0.312249135,-0.067610718
11/1971,-0.20486124,-0.096603131,-0.113265219,0.334220085,0.125617247,0.103730661,0.229980591,0.226328186
12/1971,-0.422170433,-0.029259227,0.207554684,0.430663121,0.169939724,0.069689812,-0.020060254,-0.16438965
1/1972,-0.755979238,0.297127766,-0.01408348,0.539784809,0.039679015,0.160710361,0.197984409,0.059661652
2/1972,-0.44334732,0.029795537,0.156295281,0.266452236,0.22057766,-0.060046449,0.148065234,-0.090750348
3/1972,-0.566353744,0.125699333,-0.193288154,0.210068372,0.301717482,-0.08009086,-0.185224935,0.099721963
4/1972,-0.529801734,-0.003801118,0.064670081,0.096344104,0.244503843,0.034741401,0.119479433,-0.052314197
5/1972,-0.338140482,-0.174164692,-0.032719319,0.263860744,0.112104683,-0.269364046,0.030743041,0.074022834
6/1972,-0.358467404,-0.086485988,-0.146925338,0.224513693,0.232783156,-0.174604542,-0.021911385,0.092847515
7/1972,-0.094649557,-0.144528173,0.019695649,0.177929705,0.297879636,-0.08314823,0.219645457,-0.092154641
8/1972,-0.761388916,0.049527429,-0.087867741,0.292021702,0.048706265,0.119118102,-0.053587092,-0.080686281
9/1972,-0.571844776,-0.178802471,0.142390014,0.048744998,0.273578986,-0.066404142,0.10292992,-0.157243129
10/1972,-0.806258097,0.168567497,-0.311629305,0.267694416,0.06384454,0.059356416,0.059459233,0.044834362
11/1972,-0.763073711,-0.122866204,0.184686135,0.300556238,0.008378648,-0.119493526,-0.128860077,0.032184576
12/1972,-0.811664713,-0.06163946,-0.047778183,0.213146233,0.069039407,-0.088563309,-0.031583182,-0.15392797
1/1973,-0.758690493,-0.23407944,-0.066825875,0.093504966,0.099456781,-0.273158277,-0.022819166,-0.192716197
2/1973,-0.954358026,-0.426081814,-0.003831816,0.090617835,-0.109043556,-0.041494698,0.129930373,-0.128747567
3/1973,-0.569734742,-0.558327879,-0.025719164,-0.002104105,0.039065779,-0.230068525,0.047125246,-0.362298635
4/1973,-0.279679921,-0.292075752,-0.472368185,0.045662546,-0.031174137,-0.347274771,0.034817445,-0.135554297
5/1973,-0.459522383,-0.390316395,-0.29440347,0.05870524,-0.085576106,-0.055380542,0.092838522,-0.154896008
6/1973,-0.458978353,-0.583724137,-0.263947661,-0.056444152,-0.024818704,-0.216232377,-0.049287188,-0.215400949
7/1973,-0.381307725,-0.378601969,-0.738489359,-0.252335083,0.098248336,0.18794869,-0.295915036,-0.419509517
8/1973,-0.261925931,-1.424247677,0.724706692,-0.334199691,-0.027007967,-0.080986157,0.166479392,0.085510229
9/1973,-0.322302997,0.123748785,-1.305523739,0.145524357,-0.277171662,0.397162979,-0.245461191,-0.259789841
10/1973,-0.380197976,-0.562973331,-0.010673119,0.373118707,-0.685278266,0.221502528,-0.085117852,0.034027768
11/1973,-0.469471497,-0.708270474,-0.254111692,-0.24555366,-0.319868633,0.090689479,0.155260221,0.158499181
12/1973,0.016238116,-0.687349733,-0.517725605,-0.176680991,-0.439421374,-0.268725062,0.197755952,-0.072094455
1/1974,0.052453013,-0.861002196,-0.10203732,-0.220772518,-0.164902094,-0.060332841,-0.197133116,0.213334803
2/1974,0.073674439,-0.631617955,-0.30851992,0.183996608,-0.337696061,-0.040742078,0.116123996,-0.22425575
3/1974,-0.212039422,-0.459579633,-0.202320655,-0.233661428,0.001169936,0.124404324,-0.270221,-0.391275835
4/1974,-0.075138068,-0.507655549,-0.664300188,-0.420429391,0.022811099,0.030755703,-0.060379025,-0.218147899
5/1974,-0.315349789,-0.793120016,-0.01379016,-0.272509839,-0.400925416,0.416026688,0.080376076,-0.290264252
6/1974,0.098862271,-0.596490169,-0.692620022,-0.173336538,-0.361114721,0.369133747,-0.107965066,-0.020848027
7/1974,0.044072466,-1.010999035,-0.421898165,-0.450616594,-0.476411612,0.350917391,0.232991,0.028891211
8/1974,0.206454887,-0.821151711,-0.148317389,-0.551945434,-0.173224146,0.214467299,-0.001194822,-0.086125189
9/1974,0.469450213,-0.519519652,-0.711699118,-0.282864208,-0.459093617,0.15203536,0.54167956,0.051416017
10/1974,0.655553172,-0.352223788,-0.34773269,0.168007505,-0.441714967,0.198033258,0.040612037,0.090454414
11/1974,1.411319127,-0.635792458,-0.315200407,0.036654154,-0.014076684,-0.157158161,-0.23783973,-0.016288837
12/1974,1.862035004,-0.507963216,-0.537822813,-0.122508527,0.321220246,-0.249244683,0.208370393,-0.12382493
1/1975,1.417973581,-0.129235041,-0.05026164,0.242018718,0.164678929,0.272348366,-0.302416406,0.066938503
2/1975,1.462340545,0.069739667,0.012848715,0.335428181,0.233267591,0.158717235,-0.428170938,0.017499448
3/1975,1.0723671,0.160841389,0.062759118,-0.031489474,0.316966748,0.175365799,0.038211969,-0.069134774
4/1975,0.445123633,0.283420774,0.304652003,-0.312867007,0.465161909,0.559316167,0.071198663,0.213614781
5/1975,0.334236813,0.373011825,0.144102054,0.300461064,0.134177039,0.24584896,-0.183757937,0.335355824
6/1975,0.199942789,0.256041018,0.435066363,0.015790325,0.069380818,0.46114771,0.082717524,-0.131287672
7/1975,-0.326134352,0.138308521,0.392383778,-0.294622312,0.316445943,0.47070186,0.011976179,0.454024362
8/1975,-0.353733873,0.440960293,-0.224177129,-0.28937521,0.121856763,0.070416182,0.152945755,0.175275044
9/1975,-0.263224643,0.211096774,0.289167998,-0.102971184,-0.006122151,0.178818687,0.245237605,0.046131108
10/1975,-0.104057595,0.251007091,0.084798889,0.291266699,-0.11532795,-0.103559194,-0.120500197,0.244963653
11/1975,0.040424347,0.270895633,0.179530686,0.19463678,0.025513625,-0.026621332,0.061748988,-0.016588901
12/1975,-0.365211167,0.392927676,0.061678895,0.005627894,0.033367895,0.078711261,0.104919912,0.221138899
1/1976,-0.51398735,0.438623631,0.170063018,0.474560132,-0.260855082,0.101627912,-0.266056033,0.156344706
2/1976,-0.477926661,0.357828877,0.048525193,0.167005461,-0.066103116,-0.147621948,-0.095677074,-0.008655615
3/1976,-0.183802993,0.139807964,0.092057424,-0.016784235,0.094292552,-0.208535144,-0.05579105,0.095493406
4/1976,-0.243227431,0.103872778,0.103517368,0.177018196,-0.103320951,-0.207147419,0.040101407,0.301260556
5/1976,-0.211218695,0.025433637,0.150104017,-0.238098133,0.160002572,-0.076655744,0.134476829,-0.228266074
6/1976,0.00707209,0.002516229,0.06977019,-0.100819646,0.169574977,-0.011560522,-0.072045636,0.023325094
7/1976,-0.156547255,0.086568755,0.056586632,0.164849202,-0.077025244,-0.027849885,0.05221769,-0.031794593
8/1976,-0.09763004,0.129524048,0.011999112,0.127692306,0.011452461,-0.038775012,0.228381511,0.0094629
9/1976,-0.164109144,-0.038651911,0.051902815,0.174511724,-0.006044198,-0.152790411,-0.038443849,0.054919417
10/1976,0.10232196,0.025812718,-0.111832267,0.140566732,0.108113622,-0.07754588,0.298725258,0.219437084
11/1976,-0.397878186,0.216090059,-0.02457699,0.18279953,-0.045145657,0.297312178,0.263769313,0.006552512
12/1976,-0.33974414,0.125404247,0.132911518,0.3598432,-0.060412043,0.188925273,0.048882041,0.102260724
1/1977,-0.143749212,-0.075874813,-0.014823634,-0.070418634,0.168150686,-0.298753096,0.018249549,-0.033179414
2/1977,-0.516695001,-0.062902805,0.217856553,0.027872931,0.059064861,0.093426101,0.319506074,0.240225436
3/1977,-0.649835426,0.241513292,-0.206926828,0.163881433,0.082568396,-0.064681799,0.000531879,0.007097892
4/1977,-0.475366429,0.003370514,0.00771215,0.175195788,-0.029490878,-0.129543895,0.19919472,0.010336784
5/1977,-0.509017563,0.014671201,-0.157415781,-0.009776799,0.154518064,-0.099100539,-0.028625822,0.019489955
6/1977,-0.438862384,-0.050126706,-0.060850252,0.201409642,-0.006337535,-0.009791697,0.113266024,0.04164018
7/1977,-0.309636776,-0.069254776,-0.024565794,0.19749504,0.156867971,-0.16787243,0.001330834,0.024115284
8/1977,-0.275052188,-0.157432461,-0.148566685,0.031923894,0.214487014,-0.138750737,0.090358168,0.079343235
9/1977,-0.363984347,-0.147690952,-0.148150953,0.094874258,0.05383436,-0.071589511,0.04547222,0.042259226
10/1977,-0.403934038,-0.143514945,-0.065755058,0.022518355,0.220380228,-0.040225726,0.106309777,0.077173087
11/1977,-0.338710278,-0.268686768,0.075663384,0.25273539,0.064160657,-0.134093283,0.019328931,0.025115285
12/1977,-0.533836501,-0.008241315,-0.163302519,0.178862134,0.011466301,-0.056009323,0.016779333,-0.196405869
1/1978,0.129721538,-0.459579471,-0.186382172,-0.102841508,0.276462435,-0.649792572,0.133854453,-0.073367505
2/1978,-0.463247306,-0.056225298,-0.068187543,0.100945387,0.041742276,0.102276248,0.018443663,0.137668045
3/1978,-0.720077472,-0.049032432,0.067170496,0.199671672,-0.087387184,0.258189695,0.237796008,0.118141297
4/1978,-0.871365964,-0.042965645,0.09165268,0.277544958,0.002285338,0.154467761,-0.136714271,0.052290306
5/1978,-0.417237946,-0.24110743,-0.107850567,0.070075767,0.12640782,-0.162788624,-0.28005046,0.105000379
6/1978,-0.638488055,-0.228664383,-0.07818951,0.106938756,0.051817352,-0.086725029,0.000883274,-0.073287417
7/1978,-0.217303166,-0.26511452,-0.281287838,0.06017146,0.119235942,-0.270610492,0.0231574,-0.268218013
8/1978,-0.426545022,-0.116957319,-0.093824917,0.392692619,-0.13335693,-0.090693089,-0.244638774,-0.220764923
9/1978,-0.384848215,-0.329501359,0.026854318,-0.059062866,0.09616297,-0.016107237,0.046360846,-0.209504338
10/1978,-0.606657724,-0.335201463,-0.124540558,-0.099061544,0.01206909,-0.035184955,0.037942296,-0.179717365
11/1978,-0.675488923,-0.325186176,-0.397050838,-0.307495552,0.106632383,-0.07169355,0.11430674,0.247420423
12/1978,-0.407917091,-0.305567318,-0.239309457,0.009190672,0.046275276,0.006390455,-0.015608513,0.021245756
1/1979,-0.091242194,-0.411444852,-0.002888539,-0.038915271,0.020145366,-0.127440575,-0.247148339,-0.067520174
2/1979,-0.204206437,-0.325864918,-0.094748599,0.005674543,-0.131735193,-0.017944404,-0.002514721,-0.004605772
3/1979,-0.431180683,-0.272244683,-0.072991244,0.10456277,-0.070035018,0.12168215,-0.082352992,0.007105838
4/1979,0.387211738,-0.578902959,-0.199958336,0.04778719,0.142067671,-0.495339278,-0.097773687,-0.009508046
5/1979,-0.556432048,-0.18688052,-0.093366128,-0.077201937,-0.03222332,0.280843157,0.068958656,-0.129438211
6/1979,-0.081672533,-0.345641698,-0.352957417,0.342284324,-0.244279857,-0.07652709,-0.007629558,0.087686359
7/1979,-0.008202484,-0.483851179,-0.204848119,0.071160704,-0.088083771,-0.006597882,-0.0170128,-0.250840236
8/1979,0.216790161,-0.52357825,-0.250649109,0.018136202,0.203748142,0.128629755,-0.398363958,0.063505067
9/1979,-0.239609843,-0.365376205,-0.108866201,-0.282637904,0.197955889,0.246431104,-0.146021952,-0.215426677
10/1979,-0.27332403,-0.656024333,-0.420551333,-0.790112881,0.31179719,0.274194847,-0.071078439,-0.037120102
11/1979,0.078280671,-0.467744634,-0.22189284,-0.261833364,0.095159002,0.181422432,-0.052676929,0.172318561
12/1979,0.142498215,-0.43318131,-0.165409786,0.126960321,-0.241018491,0.365911071,-0.093579787,-0.225790698
1/1980,0.012867763,-0.612438667,0.061049998,-0.076033444,-0.135619972,0.447019431,-0.206251205,0.05233824
2/1980,-0.073482854,-0.434864078,-0.205152478,-0.813993759,0.43018099,0.189129199,-0.324710625,-0.330525256
3/1980,0.227867464,-0.73137386,-0.403525852,-1.064948213,0.131537577,0.229742126,0.223597791,0.089250572
4/1980,1.454995854,-0.681506377,-1.059072041,0.391545121,-0.759221986,0.30394458,0.012160949,0.165594618
5/1980,1.736836451,-0.391670762,-0.122854787,1.058129042,-0.720760151,-0.04466372,0.001548541,-0.111464922
6/1980,1.07317524,-0.125968732,-0.059378049,0.670679599,-0.248831626,0.342751735,-0.162066907,-0.121313252
7/1980,0.576816665,-0.057129585,-0.024229499,-0.090242701,0.466392217,0.493719761,-0.334669852,-0.144543873
8/1980,-0.312785384,-0.13086447,0.293955074,-0.562811682,0.480193496,0.30507675,-0.214081565,-0.070300714
9/1980,-0.507736519,0.019166452,0.113399888,-0.462022797,0.352700678,0.457463548,-0.175377058,-0.352896127
10/1980,-0.603861061,-0.126319463,0.003422801,-0.397216536,0.154574425,0.4892687,-0.291929788,-0.202554469
11/1980,-0.608383109,-0.371407506,-0.085303001,-0.708902524,0.168287287,0.530372157,-0.340935949,-0.207160491
12/1980,-0.274848673,-0.774628258,-0.555951632,-0.618566043,-0.216084353,0.44186061,-0.258605674,-0.13392276
1/1981,0.317727352,-0.903224326,-0.322212292,0.258775176,-0.641229594,0.549146702,-0.157910655,-0.040259226
2/1981,0.223280896,-0.457285921,-0.20909816,-0.321238222,-0.076738901,0.063292943,0.031446329,0.252549895
3/1981,0.169222497,0.022124736,-0.289200844,0.350996803,-0.421155947,0.216865537,-0.085680125,-0.000270563
4/1981,-0.117709013,-0.250827684,-0.321881582,-0.357762443,0.00017687,0.223361189,-0.257614538,-0.031250917
5/1981,-0.17613362,-0.554819936,-0.238664984,-0.93489184,0.097592571,0.510772531,-0.238344009,-0.009767925
6/1981,0.406654935,-0.62125042,-0.377260011,0.187553423,-0.898893953,0.43383604,-0.177110026,0.009177986
7/1981,-0.038127725,-0.662106398,-0.245536461,-0.587092349,-0.326844042,0.602028269,-0.135937015,0.020473135
8/1981,0.239357983,-0.251796203,-0.259531436,-0.534490444,-0.047535434,0.380195111,-0.224974369,-0.003420228
9/1981,0.654765613,-0.226871026,-0.09768941,-0.25778038,-0.205893578,-0.087004845,0.459284868,-0.015921346
10/1981,0.851304849,0.089643954,-0.309567555,0.206307801,-0.316220208,0.10343521,0.131844154,0.039849137
11/1981,1.236019766,-0.053244936,-0.015837736,0.867072168,-0.840546814,0.135834427,0.17364534,0.048271872
12/1981,0.984529471,0.007419806,-0.089790543,-0.181491684,0.160157692,0.017508521,-0.044586738,0.035346569
1/1982,0.892100724,-0.271303983,-0.013810748,-0.954840141,0.661107928,-0.109484688,-0.078624299,-0.241882183
2/1982,-0.065121197,0.265874291,0.026155603,-0.631733778,0.020342062,0.991155293,0.021352933,0.443139408
3/1982,0.8877357,-0.028166327,-0.28118767,0.172113277,-0.300097374,0.232065848,0.158073172,0.004587444
4/1982,0.788119736,-0.170834326,0.04295563,-0.106841954,0.018849449,0.444626814,-0.224393406,0.032823467
5/1982,0.648254376,-0.35219544,0.367657143,0.165877579,-0.153154702,0.472555092,0.068079595,0.103311722
6/1982,0.661784805,-0.235062969,0.075303869,-0.701536951,0.284680439,0.359224439,0.305803506,0.200672316
7/1982,0.783639636,0.344532581,-0.230027481,0.245224127,0.01521626,0.328038163,0.051503116,-0.013992473
8/1982,1.033041914,0.397499386,-0.101636013,0.673245809,-0.257277293,-0.021635669,0.177058533,0.241630924
9/1982,0.717535965,0.233499402,0.14990927,0.457417316,0.019764202,0.394880327,-0.388539589,0.107919263
10/1982,1.026068595,-0.035715304,0.280458829,0.675646043,-0.128915706,0.321990102,-0.165615631,0.109888078
11/1982,0.648827806,0.208313574,-0.086620631,0.295249724,0.216945922,0.338897203,-0.166662745,0.106788881
12/1982,0.432482169,0.177893537,-0.059474826,0.248462234,0.088965326,0.097884516,1.19E-02,-0.308104223
1/1983,-0.245627311,0.259688326,0.429090804,0.323508105,-0.043733531,0.545090334,0.182743978,-0.110466218
2/1983,0.20010049,0.093513041,-0.042623032,-0.096873997,0.461660547,-0.104162113,-0.214969667,-0.042034395
3/1983,-0.18215957,0.185255726,0.206835369,0.059269253,0.225947757,0.319638645,-0.269900189,0.211709433
4/1983,-0.32163412,-0.030369162,0.431860698,0.154677084,-0.036189358,0.26026489,-0.011683625,0.002023259
5/1983,-0.304146634,0.215101798,0.016820076,0.240831197,0.022335214,0.171027096,-0.164153048,-0.095060412
6/1983,-0.548442109,0.053853997,0.037896403,-0.176130366,0.313420779,0.125874765,-0.217657312,0.130844941
7/1983,-0.738070161,0.082146951,0.146206103,-0.138399177,0.139261958,0.039762819,-4.74E-03,-0.060235021
8/1983,-0.343195761,0.02253094,-0.050269845,-0.216284012,0.215343836,-0.103214106,0.186603483,-0.047001406
9/1983,-0.828574538,0.20390492,0.052610916,0.323950273,-0.300375795,0.080716758,-0.064470989,0.127327453
10/1983,-0.467638943,0.12168168,-0.00356442,0.227413285,-0.211102569,-0.165144105,-0.04214854,-0.201352816
11/1983,-0.485407276,0.009874733,-0.069388952,-0.048665524,0.022315496,-0.23801713,-0.055343437,0.084271276
12/1983,-0.542486698,0.073734168,-0.011745521,-0.047747655,0.034671077,-0.238569407,-0.1089683,0.044225206
1/1984,-0.694602344,0.010622168,0.305186939,0.2446948,-0.16325478,0.198856703,0.101343997,0.079756439
2/1984,-0.605468795,-0.116518535,-0.1424227,0.100262654,-0.02060805,-0.36865242,0.191678338,-0.002403326
3/1984,-0.409218375,0.02096176,-0.158318765,-0.168234311,0.169056185,-0.122684949,0.000923775,-0.221225516
4/1984,-0.445416053,-0.077201301,-0.070986751,-0.09058447,0.109873801,-0.14215137,0.025854295,0.100558032
5/1984,-0.403030386,0.030999592,-0.129042356,-0.275597837,0.357498941,-0.205590665,-0.097362779,0.156812688
6/1984,-0.434026348,-0.045922052,-0.099638694,-0.038933508,0.133807568,-0.205802278,0.052500982,0.087362358
7/1984,-0.195675141,-0.133472108,-0.047070053,-0.05830904,0.031025294,-0.106884838,0.073944854,0.202817223
8/1984,0.008745731,-0.077314294,-0.04028095,0.340969116,-0.113671439,-0.039081284,-0.330980838,-0.046825987
9/1984,0.003533924,-0.050146143,-0.141916054,0.238154769,-5.08E-03,-0.082808602,-0.018821351,0.274351208
10/1984,0.072994466,0.05231762,0.022573802,0.382980051,-0.096338711,-0.087550967,0.263741488,0.299831432
11/1984,-0.062598372,0.15339745,-0.053928704,0.698236018,-0.228335393,0.020000177,0.092636346,0.14295716
12/1984,0.063620441,0.189064888,-0.026612864,0.263328007,0.064483884,-0.06112103,0.22022714,0.204910119
1/1985,0.071805428,-0.038342826,0.097348564,0.290069789,0.158173023,-0.133229329,-0.144919233,0.251606709
2/1985,-0.006900299,-0.018669583,0.197180097,-0.041491644,0.385555984,0.090628524,-0.102213609,0.241677877
3/1985,-0.248706906,0.086429807,-0.031526816,-0.068577473,0.430277219,-0.03988096,0.055315979,0.153674462
4/1985,0.278017429,0.045238657,-0.032018048,0.562014826,0.084382721,-0.238562344,0.085424771,-0.112584489
5/1985,0.042880881,0.174206755,-0.012983338,0.548135907,0.008292848,0.006899002,0.016642155,0.19009525
6/1985,0.220827736,0.098861637,0.023156037,0.6114655,-0.088649898,-0.028363786,0.158383283,-0.058324781
7/1985,0.135894318,-0.12860031,0.035774178,0.202326118,0.28142605,-0.077949892,-0.092826766,-0.168741914
8/1985,-0.151596187,0.030592023,-0.017049278,0.147972317,0.198912961,0.085315324,0.102494205,-0.017943278
9/1985,-0.100281552,-0.011504275,-0.0258587,0.12980143,0.248244103,0.073153442,0.106668425,0.242193027
10/1985,0.09729956,-0.237063226,0.112675469,0.294726991,0.080442078,-0.197737273,0.151358923,-0.352384393
11/1985,-0.087875713,0.021771194,0.169377763,0.3919385,0.022434222,0.109265975,-0.124499091,-0.119982896
12/1985,-0.110803635,0.01326321,-0.067855072,0.42549943,-0.013653133,0.25551849,-0.068748413,-0.06922874
1/1986,-0.201170666,0.010399,-0.109851849,0.202867599,0.125909439,0.184567249,-0.034451995,0.059881107
2/1986,0.327347066,0.091428472,-0.493754656,0.474237348,0.150636909,-0.077468062,-0.159027362,-0.296791421
3/1986,0.226925235,0.060905165,-0.267639496,0.737486173,-0.064162328,-0.081664324,-0.114620643,-0.070867604
4/1986,0.034259845,-0.132615373,0.138832503,0.585386607,0.032338911,0.067519622,0.054137564,0.139454572
5/1986,-0.069999046,-0.423223086,0.511120194,0.118028402,0.257997766,0.059076174,0.186139982,-0.017925361
6/1986,0.130714112,-0.107867786,0.056737926,0.106346433,0.364528164,0.111624709,-0.076970903,-0.027620132
7/1986,-0.087963639,0.147756679,-0.385665155,0.475692617,-0.042829597,0.064206048,0.148170309,-0.018214811
8/1986,0.037575282,-0.15002794,0.170824652,0.358580361,0.08577397,-0.016407871,0.098409548,-0.018534056
9/1986,-0.157799611,-0.104313598,0.133993112,0.195215194,0.159804599,0.146090251,0.089213214,0.296069411
10/1986,0.006754859,0.043740494,-0.217886029,0.097894698,0.119246136,-0.098852154,0.123680193,-0.06978832
11/1986,-0.086148285,-0.018037103,0.034503116,0.119993307,0.129493997,0.138737803,-0.014981699,-0.029955417
12/1986,-0.302023058,-0.088078046,0.055129836,0.26050225,0.094729031,0.403051788,-0.01217049,0.016653766
1/1987,0.176292354,-0.436357004,0.186847586,0.261948608,0.017570706,-0.27592785,-0.056339599,-0.35176546
2/1987,-0.482609167,0.165173308,0.016659221,0.226046525,0.085614729,0.416679674,-0.328613182,-0.087845684
3/1987,-0.149405551,-0.034797935,-0.092912502,0.206772174,0.106822967,-0.027209664,-0.134181721,-0.124679253
4/1987,-0.328736874,-0.180320552,0.063457707,-0.091899163,0.190500774,-0.082256106,0.061894856,-0.03926303
5/1987,-0.361245755,-0.024779576,-0.126710364,-0.208159407,0.176171086,0.077122016,-0.017073091,-0.187804745
6/1987,-0.13969965,-0.082735359,0.088387701,0.085516233,0.040630414,0.02278361,-0.09831059,0.109774162
7/1987,-0.342632176,0.084658596,-0.069003143,0.129980789,-0.025856641,0.02877012,-0.133514514,0.179132299
8/1987,-0.334270657,-0.040535225,0.173179923,-0.024736796,0.111050262,0.045282124,-0.123041335,-0.1743343
9/1987,-0.329568045,-0.046992534,-0.128716386,-0.271051248,0.211965419,-0.181554062,0.068810847,-0.283468989
10/1987,-0.562284599,0.017780757,-0.158796823,-0.161272412,-0.130694871,-0.025758296,0.593098844,0.073785038
11/1987,-0.141035145,-0.0105349,-0.10705201,0.268089398,-0.298287482,-0.26388142,0.606508048,-0.227566708
12/1987,-0.304184846,0.089222111,-0.091054011,0.00141042,-0.044175201,-0.112039416,0.029168924,-0.158058607
1/1988,0.114549646,-0.064150476,0.150666944,0.179214834,-0.108037275,-0.074304873,-0.045557447,-0.047949235
2/1988,-0.207585004,0.098042507,-0.115216865,0.313242696,-0.180914632,-0.026629962,-0.148122387,0.302988346
3/1988,-0.171943251,-0.101148064,0.178548378,0.148754481,0.062274093,-0.038074202,-0.10709598,-0.107335811
4/1988,-0.37192231,-0.147810693,0.150077608,-0.122868239,0.019972706,-0.082913114,0.160278528,-0.190496814
5/1988,-0.068948188,0.006771196,-0.242326655,-0.206938585,0.184008029,-0.116637328,-0.050817149,0.022125911
6/1988,-0.313871242,-0.120180208,0.052302152,0.047499479,-0.033868809,-0.070236564,-0.243962174,0.118469373
7/1988,-0.113357055,-0.185802522,-0.041277974,-0.193637478,0.100171442,-0.092183354,-0.019667553,0.146177348
8/1988,-0.122925345,-0.053564964,-0.20768917,-0.20564395,0.16087482,0.027066745,0.025672868,0.064895171
9/1988,-0.07514399,-0.131903511,0.015582133,0.107887243,-0.094809133,-0.086952285,-0.047401289,-0.096065373
10/1988,-0.236584843,0.041561505,-0.039621989,0.249207124,-0.122400578,0.114181224,-0.121436014,-0.195497258
11/1988,-0.199730425,-0.149680863,-0.075124638,-0.009336991,0.022901674,-0.173737454,0.115507818,-0.107574061
12/1988,-0.30930079,-0.150756722,0.035924581,-0.100883714,0.080808351,0.102609732,-0.119616524,-0.119551383
1/1989,-0.243543481,-0.202962269,0.054277506,-0.017733751,0.018665686,0.058786815,-0.151605326,0.243365332
2/1989,-0.011192442,-0.179446588,-0.2651877,-0.068027624,0.003090815,-0.246256915,-0.198398149,-0.010698441
3/1989,-0.073403486,-0.256544341,-0.069739044,-0.221205118,0.00799746,0.032317852,-0.020148009,0.104170934
4/1989,0.020563346,-0.299951896,0.169770036,0.05962851,-0.122679157,0.152822032,-0.049777631,0.066458514
5/1989,0.342709349,-0.155484415,-0.40799337,0.094777173,-0.07617678,-0.097928584,-0.256423214,0.232526153
6/1989,0.223083194,-0.048427879,-0.363012304,0.314365036,-0.270127839,0.166058622,-0.027445971,0.173279489
7/1989,0.467163242,-0.303347446,-0.137247572,0.29552669,-0.125122507,-0.100445781,-0.144125634,-0.244764888
8/1989,-0.081755131,0.071567409,-0.183987937,0.023006728,-0.054194922,0.397437568,-0.179712882,0.126852791
9/1989,0.280803068,-0.309967732,0.119682867,-0.071164275,0.044051224,0.145033873,-0.027047336,0.099360154
10/1989,0.260706008,-0.271221105,0.0469134,0.119457909,-0.087161626,0.073837047,0.114641756,-0.131176308
11/1989,0.066368659,-0.041289933,-0.246668887,0.05318882,-0.071599663,0.23696023,0.070040932,0.068972451
12/1989,0.086924061,-0.071046628,0.087185219,0.07267565,-0.070152754,0.323949272,0.034909118,-0.153900604
1/1990,0.012298934,-0.634541558,0.341062601,0.064887012,0.176297511,-0.174898671,-0.037846797,0.267667647
2/1990,-0.184425592,0.335627345,-0.494388021,-0.145412799,0.035696877,0.321711744,0.14457845,-0.229150492
3/1990,-0.044306098,0.037176997,0.013297984,-0.10534382,0.066522406,0.250123652,-0.14068648,0.084243687
4/1990,0.310729877,-0.045904412,-0.170358832,-0.074426473,0.062505338,-0.058704512,-0.015901555,0.078774893
5/1990,0.150744674,4.23E-05,0.051118465,-0.012609171,-0.011877037,0.169914359,-0.076482349,-0.17046545
6/1990,0.154200646,-0.038298895,0.22715762,0.074895261,-0.153089156,0.204241003,0.049741021,-0.0532504
7/1990,0.384248447,-0.088363806,-0.026209759,0.024821382,-0.038860022,0.095690237,-0.039850078,-0.196354675
8/1990,0.323106718,-0.365453164,0.35259741,-0.192012566,-0.107809263,0.139414577,0.505688969,-0.20801177
9/1990,0.35769045,-0.056077284,-0.099178182,-0.252328823,-0.050112741,0.217737582,0.289793543,-0.180087683
10/1990,0.587963592,-0.18189219,-0.114082162,-0.112994902,-0.105902522,-0.069929717,0.103646083,-0.180448455
11/1990,0.853734251,0.095517822,-0.488334473,0.045381254,0.092277625,-0.033474521,-0.157936122,-0.014107493
12/1990,0.589574578,0.089650683,-0.011375696,0.010957917,-0.128442962,0.08432349,-0.156067496,0.023191735
1/1991,0.748112374,-0.042958809,0.175602158,-0.109944676,-0.146083587,0.088241511,0.136497718,-0.028519579
2/1991,0.834787635,0.366941341,-0.134902374,0.225225092,0.031290278,0.185963243,-0.343850209,-0.084213435
3/1991,0.619166625,0.180400957,0.106083965,-0.226685767,0.276769895,0.212932245,-0.172813999,0.369040238
4/1991,0.399113058,0.15647171,0.387875019,-0.064820411,0.019248064,0.28595993,0.025618277,-2.41E-03
5/1991,0.253946293,0.222120726,0.311208029,-0.116197697,-0.004639235,0.413798315,0.20770575,0.042773407
6/1991,0.065647487,0.387572454,0.014715992,-0.26290153,0.11911312,0.344106522,0.070121872,0.058004875
7/1991,0.160215922,0.241390553,0.157184634,-0.084871029,0.002223372,0.103968334,-0.094836764,-0.152268197
8/1991,0.315466454,0.118484385,0.231825259,0.113780618,-0.158561561,-0.023010492,0.016012519,-0.010629589
9/1991,0.037664691,0.270490334,0.193616469,-0.001835513,-0.192678752,0.184064004,0.169196784,-0.227843368
10/1991,0.357598508,0.174056148,0.012460456,0.015517302,-0.051847776,-0.047658654,0.078625349,-0.085718625
11/1991,0.352688445,0.076420408,0.23501494,0.069139756,-0.102744644,0.053137875,0.185367696,-0.098201299
12/1991,0.505837343,0.184797902,-0.08233408,0.171994372,-0.08148585,-0.111365266,0.052238528,-0.076639273
1/1992,0.423113441,0.264880061,0.047203153,0.213649585,0.139881023,0.075797676,-0.354220233,0.10814491
2/1992,0.019427617,0.171326338,0.290084685,-0.169658739,0.104577901,0.190670352,0.178995224,-0.024904932
3/1992,-0.138169067,0.27349907,0.20258516,-0.273750344,0.193951435,0.194431153,0.027029051,0.05931413
4/1992,0.011156219,0.307397752,0.196442003,0.012618854,-0.070429078,0.0806004,0.022584996,0.007245828
5/1992,0.061146847,0.241138667,0.169205006,0.044186009,-0.020991989,0.081042219,0.0426664,-0.153656627
6/1992,0.199129057,0.113971229,0.156459394,-0.016922959,0.025946923,-0.068245601,0.073642045,-0.153717645
7/1992,0.081361913,0.352559384,0.165032784,0.246567285,-0.217383891,0.083680424,0.173483675,-0.128175894
8/1992,0.259484921,0.176918544,0.044629081,0.098495807,0.016163712,-0.198980919,0.012378687,-0.069349269
9/1992,0.216570216,0.170917163,0.104751805,0.010806357,0.017126107,0.027911002,0.074049438,0.082027887
10/1992,-0.05258666,0.242201142,0.221373233,-0.201472423,0.081846122,0.16150794,0.222399641,0.104522972
11/1992,-0.032798534,0.335195583,0.044457205,-0.280929908,0.275429069,0.007577436,-0.165757072,0.308831372
12/1992,-0.049766016,0.375586235,0.107593195,0.103830334,0.068831969,0.016098789,-0.220691794,-0.017207018
1/1993,-0.043521847,0.137800344,0.267091019,-0.035500756,-0.032193864,-0.117811536,0.139877278,0.13263413
2/1993,-0.047563852,0.251449167,0.139299797,0.10331777,-0.099246889,-0.111105316,-7.78E-04,0.074976732
3/1993,0.260772394,0.144831787,0.043542319,-0.016700982,-0.053853207,-0.183314561,0.009701869,-0.165105668
4/1993,-0.025247301,0.130983167,0.196902646,0.084593613,-0.07570552,-0.029259003,0.13668386,-0.031565369
5/1993,0.081377878,0.145437631,0.025953385,0.034924051,0.036116787,-0.168888135,-0.012708794,4.01E-05
6/1993,0.101391605,0.229362136,-0.043267472,-0.067333869,0.167375859,-0.016755419,-0.056446872,0.117322219
7/1993,-0.022703154,0.127718919,0.132699673,0.044074593,-0.024852411,-0.029947495,0.070496084,0.218472714
8/1993,0.115491614,0.143271333,0.138861362,0.117169685,0.032216239,-0.114095504,0.002353906,-0.018301505
9/1993,-0.056544832,0.170041579,0.058214608,0.123879331,-0.080408829,0.020360632,0.06168623,-0.045391496
10/1993,-0.174014744,0.022354812,0.350594839,-0.013596443,0.034421386,0.048168613,0.067843443,0.154758794
11/1993,-0.141417882,0.247124029,-0.088689876,-0.126610838,0.176265453,-0.082835233,-0.015195277,0.040024867
12/1993,-0.303525061,0.282133371,-0.036886834,0.095215803,0.045795829,-0.044238898,-0.11186147,0.047892636
1/1994,-0.03346396,0.070417017,0.169636282,-0.021832337,0.074551196,-0.068634961,-0.045219387,0.036832328
2/1994,-0.096359269,0.018417035,0.202845446,-0.12378721,0.15894017,-0.108479696,-0.015028476,-0.063950329
3/1994,-0.459758395,0.212931013,0.135338401,-0.177378635,0.158110985,-0.040282269,0.156057768,0.091765134
4/1994,-0.330347491,0.22172927,-0.041288852,-0.23157372,0.16519159,-0.217083332,0.147000595,-0.02926288
5/1994,-0.35676316,0.119682569,0.15630852,-0.146536756,0.117741084,-0.24448459,-0.025019444,-0.096859319
6/1994,-0.244292,0.061443166,0.203664762,0.000490116,-0.031656088,-0.141395633,0.048616798,-0.02811863
7/1994,-0.181490846,0.084948346,0.11304098,-0.035259373,0.028081014,-0.318052973,0.113712047,-0.201789195
8/1994,-0.326462716,0.154367458,0.12690974,-0.01087826,0.021233771,-0.034520873,-0.116405518,0.114943137
9/1994,-0.261761315,0.178201709,-0.103407897,-0.066884836,0.062075218,-0.272770626,-0.078011511,-0.123096841
10/1994,-0.380287754,0.224207993,0.140499505,-0.158317531,0.111752467,-0.05974026,0.042091845,-0.203345304
11/1994,-0.395434846,0.012836456,0.155115728,-0.181198147,0.031219244,-0.283338356,0.063110289,0.084354003
12/1994,-0.394423389,0.253099277,0.055948209,-0.14958389,0.071526078,-0.090205383,0.05586423,0.130825793
1/1995,-0.135522495,0.076332972,0.116127035,0.006984094,-0.051136256,-0.290767293,-0.003459288,-0.017568438
2/1995,0.04500846,0.017457591,0.023911694,0.060267473,-0.107997765,-0.220347881,-0.098497558,-0.155359026
3/1995,0.062990411,0.054278071,-0.017986298,0.167075019,-0.201146823,-0.13579965,0.05254222,-0.19265523
4/1995,0.210207827,-0.164327716,0.124938907,0.127367688,-0.096703565,-0.11388006,-0.006474862,-0.146139337
5/1995,0.209669128,0.129853062,-0.106039651,0.128995075,-0.099247796,0.111832917,-0.034517435,-0.017511133
6/1995,0.013809115,0.049163682,-0.005520826,0.246785563,-0.224247527,0.067186303,-0.057787558,0.082944226
7/1995,0.225818292,-0.072760903,-0.084105426,-0.009200602,0.101461059,-0.085076154,-0.152261309,-0.067070226
8/1995,-0.187016493,0.085681016,0.087177342,-0.123802736,0.043921817,0.327811159,0.049106738,0.234444443
9/1995,-0.044387724,0.055791253,-0.024408016,0.11929433,-0.114727625,0.135501495,-0.046135337,0.029778933
10/1995,0.193384979,-0.138170037,0.035539388,0.07791807,-0.016111207,-0.128777324,-0.038097383,-0.077298174
11/1995,0.11989282,0.048280481,-0.124155831,0.086652783,0.030590105,0.153953592,-0.043107498,0.122604331
12/1995,0.039320514,-0.01565862,0.162891412,0.129982686,-0.039221159,0.215118667,-0.068537188,-0.021152393
1/1996,0.445236077,-0.288199039,-0.036932962,0.029539431,0.055733988,-0.147365036,0.090375163,0.005230858
2/1996,-0.252402109,0.251289162,-0.108228031,0.138736343,-0.052553243,0.363574161,-0.109880866,0.240165335
3/1996,0.043005493,-0.162972168,0.140116957,-0.127811134,0.231296558,0.072682168,-0.061796684,-0.02727542
4/1996,-0.156649658,0.097860816,0.060931332,-0.102819035,0.127166689,0.234168804,0.101458708,-0.136148963
5/1996,-0.182885145,0.13397832,-0.090385635,0.010360195,0.077507572,0.094303617,-0.100862814,0.172143305
6/1996,-0.270400261,0.239475509,0.000877772,-0.003069214,0.060531805,0.013326511,-0.021793983,-0.064889022
7/1996,0.044176958,-0.10080819,-0.007273339,0.002430674,0.057656938,-0.127669427,0.112676326,0.062533743
8/1996,-0.062572226,0.14282029,0.07456044,0.171823211,-0.012504607,-0.07446904,-0.051902274,-0.045807941
9/1996,-0.199492191,0.013756438,0.195116099,-0.046841919,0.080710794,0.12680832,0.017737889,0.043915074
10/1996,0.089666855,0.000586798,0.018336649,0.200408639,-0.032954485,-0.093863609,-0.170599827,0.131271843
11/1996,-0.183166902,0.138460155,0.084095989,0.227578794,-0.118646635,0.127163602,-0.061685011,-0.08299534
12/1996,-0.099075795,0.080416416,0.019007478,-0.055088297,0.011419003,1.10E-03,0.07085826,0.07246446
1/1997,-0.044048992,0.071913339,-0.041427696,-0.102189674,0.132939559,0.014595716,-0.224168591,0.04161928
2/1997,-0.290415959,0.231795117,0.0284175,0.05973941,-0.017513643,0.210723927,-0.127758928,0.118260093
3/1997,-0.250690934,0.124483881,-0.072944947,-0.103467153,0.069987011,0.016547151,0.088674582,0.072076162
4/1997,-0.046710956,-0.036623971,-0.057389566,-0.142019325,0.127472809,-0.193645147,0.062369217,0.08659247
5/1997,-0.11830035,0.106621527,0.0840458,0.213412645,-0.096769499,-0.028150022,-0.184918103,-0.16225252
6/1997,-0.122389325,0.023489864,0.130906044,0.212344635,-0.125485134,0.005825818,-0.110289836,-0.051459957
7/1997,-0.199777919,0.096700957,0.035036755,0.156117244,-0.0644409,0.142084662,-0.209210857,0.029546806
8/1997,-0.229780517,0.074129948,0.128904832,-0.05150816,-0.083035587,0.072973415,0.160416537,-0.012406614
9/1997,-0.245452484,-0.009887046,0.028644625,0.085338141,-0.063385278,0.064134993,-0.029356672,0.098841439
10/1997,-0.298053066,0.084651529,-0.04380436,0.12156902,-0.151621484,0.059977337,0.042290445,-0.06444575
11/1997,-0.358433313,0.117335588,-0.120108225,0.078388369,-0.118590451,0.006972456,-0.025375215,-0.042618507
12/1997,-0.030740599,-0.011187973,-0.125651453,0.010005714,0.034725767,-0.06410952,-0.033538772,0.203452766
1/1998,-0.14428739,0.029212959,-0.082255592,0.163448187,-0.146435256,-0.005227339,-0.001847485,0.039787317
2/1998,-0.07083498,-0.037250589,0.009970923,0.165669746,0.046873577,-1.10E-02,-0.223308631,-0.107433451
3/1998,0.010476758,-0.064523472,-0.060869363,0.083539927,0.09038578,-8.25E-03,-0.120191431,0.077626472
4/1998,-0.180038964,-0.032980226,0.116471416,0.136531262,-0.018725083,-0.061375842,-0.129728972,0.132707283
5/1998,-0.116639649,-0.075262886,0.035992945,0.033153453,0.037578713,0.103991494,0.042953253,0.058615152
6/1998,0.259805776,-0.102554757,-0.26533132,0.105522175,0.15632018,-0.124489307,-0.056083961,0.270465208
7/1998,0.249798799,-0.243178117,0.053498237,0.150193988,0.192399011,-0.080045404,-0.124329192,0.119063715
8/1998,-0.479582316,0.238581402,-0.119671077,-0.008541675,-0.179389573,0.487931138,0.44938534,-0.137031578
9/1998,0.184645496,-0.142250934,-0.198793663,0.341293874,-0.125804945,-0.054812467,0.137463986,-0.070845808
10/1998,-0.006404486,-0.139709149,0.14010763,0.372184799,-0.139080355,0.148985552,0.239269706,-0.148143125
11/1998,-0.008669436,0.072108693,-0.092537631,0.082649526,0.281328851,0.049216006,-0.413748859,0.030958728
12/1998,-0.050926895,-0.049949506,0.047084384,0.270182525,0.094610371,0.04618215,-0.077087726,0.069681534
1/1999,-0.067876025,-0.017175943,0.130188072,0.172863268,0.145999631,0.104206194,-0.078725364,-0.036358452
2/1999,-0.187953762,0.113934124,-0.201020269,-0.009181763,0.196409318,0.161347578,-0.132673868,0.097586196
3/1999,-0.003872449,-0.191589736,0.153862814,-0.052694932,0.20713823,-0.064931037,-0.032119895,0.058553292
4/1999,-0.018441396,-0.263360656,0.360459759,0.189294933,0.002582801,-0.013189415,0.051434313,0.111387277
5/1999,-0.230401728,0.317551436,-0.350834077,-0.040683767,0.208660608,0.132938561,-0.102441753,-0.11691227
6/1999,0.024019613,-0.059741588,-0.059255557,-0.136508723,0.320452082,-0.102636458,-0.04270984,0.058461658
7/1999,-0.164578754,-0.159284143,0.216840269,0.172662207,-0.015153177,-0.085047151,-0.020142749,0.031635004
8/1999,-0.222193852,0.043598004,-0.043601043,-0.031398392,0.10629724,0.007400364,0.183799771,-0.095375743
9/1999,0.051562786,-0.196370576,0.061986663,0.046003569,0.063552696,-0.217451374,-0.015601074,-0.16544917
10/1999,-0.425519798,0.248177514,-0.194699416,-0.043470391,0.034985485,0.124962194,0.13210591,-0.12571991
11/1999,-0.220917661,0.018874434,0.020455818,0.13247278,0.0378717,-0.114169675,-0.241507677,0.049728377
12/1999,-0.354704375,0.036511779,0.090301141,0.047589561,0.083477525,0.022261855,-0.008589716,0.024164326
1/2000,-0.215982799,-0.065942998,-0.023067447,-0.037605535,0.178444276,-0.183219833,-0.182102623,-0.129471316
2/2000,-0.109946873,-0.164576714,0.097568861,-0.087364842,0.133392027,-0.124397662,0.082572681,0.219039952
3/2000,-0.221387794,-0.066606908,0.093454842,0.125392893,-0.037382268,-0.037366335,0.009863074,0.010414982
4/2000,-0.211068203,0.40143378,-0.600229426,0.111361551,-0.017264837,-0.00081235,-0.01105804,-0.100482103
5/2000,0.089513455,-0.293788356,0.03937073,-0.381933206,0.30188938,0.044942005,0.153962809,0.273345587
6/2000,-0.049111303,-0.320501373,0.34691409,0.239400912,-0.234019223,-0.017448881,-0.019800828,-0.296981782
7/2000,0.142867301,0.088012808,-0.395086758,0.000701677,0.029601134,-0.061870952,-0.064384564,-0.094780857
8/2000,0.267754883,-0.045731882,-0.357593053,0.053454141,0.094809792,-0.068701961,-0.057145085,0.057588508
9/2000,-0.120593027,-0.333578736,0.487997107,0.003069822,-0.029105972,0.168996163,0.146689845,0.081947241
10/2000,0.198137084,0.00693988,-0.523460077,-0.081519099,0.109999705,-0.112507367,0.054035374,-0.018980408
11/2000,0.138863384,-0.216485833,-0.094644789,0.011904439,0.067254634,-0.005743804,0.113480843,0.121272705
12/2000,0.2935765,-0.181153627,-0.100697172,0.325710734,-0.121239645,0.088140932,0.217104971,-0.003921179
1/2001,0.48177248,-0.363334412,0.115127995,0.329120757,-0.035154732,0.052631925,0.145921518,-0.054640581
2/2001,0.427843355,-0.063224273,-0.397664406,0.124302196,0.18315389,0.148344226,0.069476222,0.106148427
3/2001,0.444606408,-0.079410679,-0.393925178,0.088127523,0.084584978,0.09212239,0.361002384,0.100316967
4/2001,0.512410171,-0.245276683,0.148905187,0.095515655,0.239820105,0.133994022,0.238698225,0.065467785
5/2001,0.435929879,-0.179255516,0.217064526,0.149535781,0.330695951,0.179298992,-0.227734351,-0.102604627
6/2001,0.559052448,0.088552486,-0.299086029,0.179512417,0.272167231,0.072510221,0.114565673,0.029366652
7/2001,0.44514763,0.19585784,-0.306556704,0.064789675,0.388163395,0.071574272,0.082122102,-0.10803308
8/2001,0.484120589,-0.220916166,0.257925037,0.189942002,0.267340106,0.180222055,0.236195754,-0.055749858
9/2001,0.589573872,-0.051545139,-0.049265537,0.279487756,0.043765868,-0.240671052,0.977357658,-0.049393598
10/2001,0.582061832,0.328904281,-0.342077217,0.255574687,0.448848543,0.496839811,-0.341026957,0.128504325
11/2001,0.57129319,0.070976928,0.249827233,0.25228463,0.393969091,0.127747897,0.194707566,-0.070215784
12/2001,0.38163961,0.22015793,0.079535311,0.089952195,0.429576428,0.133425514,0.112187319,-0.160316347
1/2002,0.173849277,0.106280848,0.341371446,0.089414737,0.336532673,0.210407717,0.169904924,-0.009938601
2/2002,0.153364414,0.08296737,0.088335899,0.087233238,0.392715224,-0.036249873,0.133072241,0.017975144
3/2002,0.008042068,0.085855034,0.438215643,-0.001648593,0.401633033,0.102145577,0.018548957,-0.186393477
4/2002,0.106597769,0.126448538,0.130742083,0.044293755,0.241103394,0.083051635,0.219029523,-0.180142837
5/2002,0.029246752,0.318439082,-0.178839964,0.161480273,0.233989257,-0.030305786,0.139624079,-0.333800446
6/2002,-0.084491809,0.171753525,0.111510313,0.158418167,0.13151144,0.039623146,0.392017702,-0.150110983
7/2002,0.166211337,-0.040167426,0.033826206,0.144553958,0.115419487,-0.208032302,0.491002454,-0.229286465
8/2002,0.140109651,0.059381619,0.091305545,0.171838403,0.164489738,0.021898626,0.047367727,-0.039910879
9/2002,0.177889761,-0.016188504,-0.09890495,0.107448641,0.198147672,-0.063923467,0.254098931,-0.10652757
10/2002,0.156734174,-0.046881622,0.048876308,0.050308833,0.259957424,-0.03083971,0.183295775,-0.062627642
11/2002,0.145848384,0.247401284,0.021018862,0.329702184,0.207147816,0.164022708,0.015307727,-0.164919666
12/2002,0.28275283,-0.054853312,-0.022594054,0.110439024,0.365138895,-0.132701028,0.046397956,-0.138717704
1/2003,-0.135836026,-0.071652783,0.444504788,0.193060019,0.16573251,0.05662386,0.236240531,-0.147590292
2/2003,0.231414017,-0.10845332,0.062229772,0.076069035,0.180098597,-0.042300867,0.368141866,-0.170795039
3/2003,0.21782451,0.155478469,-0.187149484,0.152838775,0.263108811,0.085232386,-0.047354712,-0.164258168
4/2003,0.390043919,0.420281416,-0.68346444,0.200739179,0.469275302,-0.072478224,-0.267245814,-0.086805825
5/2003,0.155747653,-0.047142989,0.372927914,0.512453341,0.092928953,-0.011674077,-0.079948561,-0.372972339
6/2003,0.115827305,-0.178449177,0.470659695,0.306268843,0.194365157,0.195662182,0.007753997,-0.091563713
7/2003,-0.001168532,0.051178245,0.060661706,-0.10093357,0.466816266,0.177982589,0.187219661,0.003271065
8/2003,0.01211887,-0.013740702,0.152269386,-0.029488721,0.433522497,-0.151862867,0.074536849,-2.53E-03
9/2003,-0.134699785,0.12909449,0.04151377,0.18389775,0.215773331,0.128568686,-0.060283704,-0.245117194
10/2003,-0.09844095,0.172305721,-0.175540037,0.276649017,0.188794839,-0.234769793,-0.107362536,-0.434910984
11/2003,-0.253171747,0.136358397,0.163368218,0.139089431,0.203434831,0.045755511,0.146176203,-0.257953772
12/2003,-0.11225078,-0.087045607,0.243441302,0.193878463,0.207910934,-0.247159884,0.075255994,-0.254351395
,,,,,,,,
,,,,,,,,
,,,,,,,,
,,,,,,,,
,,,,,,,,
,,,,,,,,
,,,,,,,,
,,,,,,,,
,,,,,,,,
,,,,,,,,
,,,,,,,,
,,,,,,,,
,,,,,,,,
,,,,,,,,
,,,,,,,,
,,,,,,,,
,,,,,,,,
,,,,,,,,
,,,,,,,,
,,,,,,,,
,,,,,,,,
,,,,,,,,
,,,,,,,,
,,,,,,,,
,,,,,,,,
,,,,,,,,
,,,,,,,,
,,,,,,,,
,,,,,,,,
,,,,,,,,
,,,,,,,,
,,,,,,,,
,,,,,,,,
,,,,,,,,
,,,,,,,,
,,,,,,,,
,,,,,,,,
,,,,,,,,
,,,,,,,,
,,,,,,,,
,,,,,,,,
,,,,,,,,
,,,,,,,,
,,,,,,,,
,,,,,,,,
,,,,,,,,
,,,,,,,,
,,,,,,,,
,,,,,,,,
,,,,,,,,
,,,,,,,,
,,,,,,,,
,,,,,,,,
,,,,,,,,
,,,,,,,,
,,,,,,,,
,,,,,,,,
,,,,,,,,
,,,,,,,,
,,,,,,,,
,,,,,,,,
,,,,,,,,
,,,,,,,,
,,,,,,,,
,,,,,,,,
,,,,,,,,
,,,,,,,,
,,,,,,,,
,,,,,,,,
,,,,,,,,
,,,,,,,,
,,,,,,,,
,,,,,,,,
,,,,,,,,
,,,,,,,,
,,,,,,,,
,,,,,,,,
,,,,,,,,
,,,,,,,,
,,,,,,,,
,,,,,,,,
,,,,,,,,
,,,,,,,,
,,,,,,,,
,,,,,,,,
,,,,,,,,
,,,,,,,,
,,,,,,,,
,,,,,,,,
,,,,,,,,
,,,,,,,,
,,,,,,,,
,,,,,,,,
,,,,,,,,
,,,,,,,,
,,,,,,,,
,,,,,,,,
,,,,,,,,
,,,,,,,,
,,,,,,,,
,,,,,,,,
,,,,,,,,
,,,,,,,,
,,,,,,,,
,,,,,,,,
,,,,,,,,
,,,,,,,,
,,,,,,,,
,,,,,,,,
,,,,,,,,
,,,,,,,,
,,,,,,,,
,,,,,,,,
,,,,,,,,
,,,,,,,,
,,,,,,,,
,,,,,,,,
,,,,,,,,
,,,,,,,,
,,,,,,,,
,,,,,,,,
,,,,,,,,
,,,,,,,,
,,,,,,,,
,,,,,,,,
,,,,,,,,
,,,,,,,,
,,,,,,,,
,,,,,,,,
,,,,,,,,
,,,,,,,,
,,,,,,,,
,,,,,,,,
,,,,,,,,
,,,,,,,,
,,,,,,,,
,,,,,,,,
,,,,,,,,
,,,,,,,,
,,,,,,,,
,,,,,,,,
,,,,,,,,
,,,,,,,,
,,,,,,,,
,,,,,,,,
,,,,,,,,
,,,,,,,,
,,,,,,,,
,,,,,,,,
,,,,,,,,
,,,,,,,,
,,,,,,,,
,,,,,,,,
,,,,,,,,
,,,,,,,,
,,,,,,,,
,,,,,,,,
,,,,,,,,
,,,,,,,,
,,,,,,,,
,,,,,,,,
,,,,,,,,
,,,,,,,,
,,,,,,,,
,,,,,,,,
,,,,,,,,
,,,,,,,,
,,,,,,,,
,,,,,,,,
,,,,,,,,
,,,,,,,,
,,,,,,,,
,,,,,,,,
,,,,,,,,
,,,,,,,,
,,,,,,,,
,,,,,,,,
,,,,,,,,
,,,,,,,,
,,,,,,,,
,,,,,,,,
,,,,,,,,
,,,,,,,,
,,,,,,,,
,,,,,,,,
,,,,,,,,